100644 blob fa5714514e4ba4c695506db52db445e616718365	docs/CORE_STORY_RECORD_VERSION_CLOSURE.md
100644 blob 4f1a9aeb44019d469ebea40ff1bc4285f8693cf4	docs/DESIGN.md
100644 blob 945da44d2d85460da442b38ecd5f04cb889e4f51	docs/HANDOFF_V0.5.2_PHASE2.md
100644 blob 9bec7e4ee39df007e0715bcd43433d821edd0a6f	docs/LOCAL_INTEROP_BRANCH_OWNER_INTEGRATION.md
100644 blob 497de2de110199f5f607c6a05d4728a88f9a6174	docs/R2_LEGACY_EGRESS_CLOSURE.md
100644 blob 60667a33a71541f91df90876247adbbaa97da027	docs/R2_WINDOWS_BASE_INPUTS.md
100644 blob bddbbe916f5560877eda2534807d3b5c7f81cc34	docs/SURFACE_ADAPTER_RECOVERY_COMPLETION.md
100644 blob 8881c5d192f576138743fe6bebebc061f76819f3	docs/SURFACE_CONTINUITY_TIMELINE_IDENTITY.md
100644 blob 103e0bdee605d87495c2d92e5597dc10134fa716	docs/SURFACE_FORM_LIFECYCLE_CORRECTION.md
100644 blob 4b3c1925b94a25b1241b14eee6d71fd57efc9894	docs/acceptance_report_20260822.md
100644 blob cdad31d0146ec0f37508c5cbe8c79f296e118586	docs/agent_design.md
100644 blob c2a84474ff679487660599aefb57004dc78c8c05	docs/ai_novel_studio_parallel_development_report.md
100644 blob 5ba05cbcf8e22f927f52407d7565d7683542a4b5	docs/api.md
100644 blob 6a1d290c11e3c98971d6c70b16b80397a0f86286	docs/api_v1.md
100644 blob 1ec2979f81573b2e422be9241360e942e81686d6	docs/architecture.md
100644 blob 94b3afbe17dea85b809b1ab3a068a6f1d1ef4c3f	docs/backup_restore.md
100644 blob 9cb8686ea29d3be2f812cc76a68697d39a0e56b7	docs/baseline_failure_registry.md
100644 blob 4776ce09333f4e6324306118177c875f4c0407fa	docs/cloud_baseline_repairs.md
100644 blob a6d000dfc5093273091018fdf050cd636bd9af75	docs/cloud_ci.md
100644 blob be9da06c39b7e1ceb5f1238ab3e81e2710ff8861	docs/cloud_postgres_parity_repairs.md
100644 blob f2186d23eeb3096cfd70cd0036329487ef9bf259	docs/cloud_provider.md
100644 blob ac210a8dfbe9354081ad2cacea236176a8dfb9f0	docs/context_pack_design.md
100644 blob 47dda6c7e8b40818da7a96a2fbd5f0c40714ed05	docs/cost_control.md
100644 blob c61e4b43b28e57a96ebef28da233039105eb4844	docs/database_schema.md
100644 blob 35f89a690bce074b36ab4b6a726ad17a1f3765f9	docs/deepseek_harness_integration.md
100644 blob ed5bc8689a47417016b19087b4d19049948b7c59	docs/delivery/a43-fixes/DETACHED_ACCEPT_INVENTORY.json
100644 blob ede2566544990e160b4c45bdd4cab6753cfc3fec	docs/delivery/a43-fixes/DOCX_MEASUREMENT_INVENTORY.json
100644 blob 5759bc4a26d5a4dcba334e2d2811ee377473438c	docs/delivery/a43-fixes/DRIVE_PREFIX_INVENTORY.json
100644 blob f96cb9386e091406c665ea6cb7c8194f1fad5160	docs/delivery/a43-fixes/HEADING_CORRECTION_INVENTORY.json
100644 blob da396271b35373408abb735b06c0c051656890d1	docs/delivery/a43-fixes/IMPLEMENTATION_SURFACES.json
100644 blob 59a81d77b1d15eaba861c1cbfd5248d74e792030	docs/delivery/a43-fixes/INTEGRATION_CORRECTIONS.json
100644 blob 4052dc0871126f8cae535a5635b05f638b799cda	docs/delivery/a43-fixes/INVENTORY_REVIEW.json
100644 blob a9708f9c4b4f36e23440510b6064f9c3a7a8b5cf	docs/delivery/a43-fixes/MEDIA_CORRECTION_INVENTORY.json
100644 blob 458d310fb813839c3be9fe5136448e58bffeac61	docs/delivery/a43-fixes/ORIGINAL_RECEIPT_ENCODING.json
100644 blob a6cbf64446e8979408ead2db41bff734eedfbd52	docs/delivery/a43-fixes/PUBLIC_RECEIPT_PROVENANCE.json
100644 blob ccd43a995ec88cdf956f9e3f97173b9203e9762f	docs/delivery/a43-fixes/baseline/VERIFIED_DOWNLOAD.json
100644 blob b2d50b4cf12c113c926f8da4191a2ba9c72040e5	docs/delivery/a43-fixes/baseline/audit_a43_01_document.json
100644 blob e6534bd60decc12b20776a25cc194b7b08854660	docs/delivery/a43-fixes/baseline/audit_a43_02_identity.json
100644 blob 69c73efaa1af6785fd40278fdc927891dacd9916	docs/delivery/a43-fixes/baseline/audit_a43_03_pg_algorithm.json
100644 blob aa7adcb384cbfa92c123656b2b4a914a250a69aa	docs/delivery/a43-fixes/baseline/audit_a43_boundaries.json
100644 blob d00491fd7e5bb6fa28c517a0bb32b8b506539d4d	docs/delivery/a43-fixes/baseline/baseline-safety-exit.txt
100644 blob 3d89045a1bdb347e4ca448a995e73ed961bb2352	docs/delivery/a43-fixes/baseline/baseline-safety.xml.gz
100644 blob 1aed1f7be5a4d4c49d2e3e867f69e8dcf7d7e96e	docs/delivery/a43-fixes/baseline/python-packages.txt
100644 blob 3fd906a9d5b4b74b28b8a19fd267ccb094fcf7dc	docs/delivery/a43-fixes/baseline/real-postgres.json
100644 blob 498b3480a224fea3f4cdf923fb058e96c05cd49b	docs/delivery/a43-fixes/baseline/receipt.json
100644 blob 2333725e130672d1b7b0ff3be2279906536b4cb0	docs/delivery/a43-fixes/baseline/source.txt
100644 blob f140ffb28c70f9eed732da10fb9eba4226da2c09	docs/delivery/a43-fixes/hosted-1d9b88ac/ARTIFACTS.json
100644 blob b86f65770d14907b44380546a5acfcd70d7b0412	docs/delivery/a43-fixes/hosted-1d9b88ac/BACKEND_FAILURE_COUNTS.json
100644 blob 525d1a60652029baa992ec98b9f190ec07b92db4	docs/delivery/a43-fixes/hosted-1d9b88ac/CHECKPOINT.json
100644 blob 5dbb1426264f878c169af49d960f9b88672d1f92	docs/delivery/a43-fixes/hosted-1d9b88ac/SELECTED_RECEIPTS.json
100644 blob fe882092cacab1ede12f1ba88532ad8079a58bbf	docs/delivery/a43-fixes/hosted-1d9b88ac/backend-file/backend.xml.gz
100644 blob 28c5dbc3f71a0778e962b4667935686fee59982f	docs/delivery/a43-fixes/hosted-1d9b88ac/backend-file/coverage-harness.xml.gz
100644 blob 685857e4b0aa17148572a044ecde9c7f44e1515c	docs/delivery/a43-fixes/hosted-1d9b88ac/backend-file/coverage.json.gz
100644 blob 4593c551352a3a5f93f25c136107dc70f6aca131	docs/delivery/a43-fixes/hosted-1d9b88ac/backend-file/sync-tcp.xml.gz
100644 blob 0e81d8114f0972c2d49ab15a673911a6327de5a6	docs/delivery/a43-fixes/hosted-1d9b88ac/backend-postgres-shard-0/backend.xml.gz
100644 blob 3e1ded8a651e7e3d900b5653c00fd8a301b068fa	docs/delivery/a43-fixes/hosted-1d9b88ac/backend-postgres-shard-0/coverage.json.gz
100644 blob ccfe079ed13ef0e89edd20586f978e22601a2958	docs/delivery/a43-fixes/hosted-1d9b88ac/backend-postgres-shard-1/backend.xml.gz
100644 blob 65441618aa3e68c0724fa867e3d6b4c6ed0fb802	docs/delivery/a43-fixes/hosted-1d9b88ac/backend-postgres-shard-1/coverage.json.gz
100644 blob eb2549671b272362b13eb6674e43f240ac7a0eb7	docs/delivery/a43-fixes/hosted-1d9b88ac/frontend/business.xml.gz
100644 blob fc1b035255a8b19212e3e93bec594294a7bdba5f	docs/delivery/a43-fixes/hosted-1d9b88ac/frontend/experimental.xml.gz
100644 blob 4ea2d9ba4061683908aa18c679265f4e6f8e78ec	docs/delivery/a43-fixes/hosted-1d9b88ac/frontend/export-browser.xml.gz
100644 blob ca67d31f0f011ea633df64afc1fba857e32eb2a2	docs/delivery/a43-fixes/hosted-1d9b88ac/frontend/frontend.xml.gz
100644 blob cc3bf73cb51eaccdd224e2e2a293f02ce28e4f23	docs/delivery/a43-fixes/hosted-1d9b88ac/frontend/geometry.xml.gz
100644 blob 9c8446335feff3f6abca7b3902439cdcabf30b6e	docs/delivery/a43-fixes/hosted-1d9b88ac/frontend/r4-ux.xml.gz
100644 blob 37ff6ad0e8b563c7f8fdc0eb663107f3ad392a54	docs/delivery/a43-fixes/hosted-1d9b88ac/interop-pull_request-coverage.json
100644 blob aeb5fcf5f715eb657153e1a5326edabc77e8a439	docs/delivery/a43-fixes/hosted-1d9b88ac/interop-push-coverage.json
100644 blob 2b5aac557a033088b568dbb1d2cc14d62a1b9e49	docs/delivery/a43-fixes/hosted-1d9b88ac/windows-host/windows.xml.gz
100644 blob babaa717587d9f1c8afbd883f1c10825a2b80b75	docs/delivery/a43-fixes/hosted-d80e4dc0/ARTIFACTS.json
100644 blob 54f76aabe79d16b451435a3c975e33d384b29cf0	docs/delivery/a43-fixes/hosted-d80e4dc0/BACKEND_FAILURE_COUNTS_pull_request.json
100644 blob 5bb64305d4da1889d77837c4a9a926130e8e1fc5	docs/delivery/a43-fixes/hosted-d80e4dc0/BACKEND_FAILURE_COUNTS_push.json
100644 blob 65176c14da0a2b29b95faa1d1116b2331d3bf820	docs/delivery/a43-fixes/hosted-d80e4dc0/CHECKPOINT.json
100644 blob 6c49bf76e113235bc9da04f5af605708dffcbcc1	docs/delivery/a43-fixes/hosted-d80e4dc0/SELECTED_RECEIPTS.json
100644 blob 8bb2b9cf22fe9f6540c2edd30c06514cdca39f32	docs/delivery/a43-fixes/hosted-d80e4dc0/backend-file/backend.xml.gz
100644 blob 2c7d246e64e83adde57e0be8423576e1cdaa2f79	docs/delivery/a43-fixes/hosted-d80e4dc0/backend-file/coverage-harness.xml.gz
100644 blob 26a4f5a4459fa903312e90b12e8624f68c3c3c40	docs/delivery/a43-fixes/hosted-d80e4dc0/backend-file/coverage.json.gz
100644 blob 85c196b43208390f4bbb8de5d0a0565c33d1c760	docs/delivery/a43-fixes/hosted-d80e4dc0/backend-file/sync-tcp.xml.gz
100644 blob b3fc4c5df9346eb4908b02768a7f30097ec33a5c	docs/delivery/a43-fixes/hosted-d80e4dc0/backend-postgres-shard-0/backend.xml.gz
100644 blob 8c3bcd7a83aafebe039b97f6847580f89b499e11	docs/delivery/a43-fixes/hosted-d80e4dc0/backend-postgres-shard-0/coverage.json.gz
100644 blob 2d9500e9f8baddd4964f54081d2149935fcdf28b	docs/delivery/a43-fixes/hosted-d80e4dc0/backend-postgres-shard-1/backend.xml.gz
100644 blob db01989126a5df31aed6e7a280527f9777f31533	docs/delivery/a43-fixes/hosted-d80e4dc0/backend-postgres-shard-1/coverage.json.gz
100644 blob fc7c7c4e3aa0059d0a533bd8174fdf7925055914	docs/delivery/a43-fixes/hosted-d80e4dc0/frontend/business.xml.gz
100644 blob ed7e975070de102269fd7894e857f4f3f85ccdbb	docs/delivery/a43-fixes/hosted-d80e4dc0/frontend/experimental.xml.gz
100644 blob 3ee271a4f5b8eb4df69e188646d504549ec2ba87	docs/delivery/a43-fixes/hosted-d80e4dc0/frontend/export-browser.xml.gz
100644 blob 1e3a5f8731d35606d7f74be5b258f71d7bae0f31	docs/delivery/a43-fixes/hosted-d80e4dc0/frontend/frontend.xml.gz
100644 blob f8f1845b207845eefc370e5ae1615cdd844f47b7	docs/delivery/a43-fixes/hosted-d80e4dc0/frontend/geometry.xml.gz
100644 blob 51662894ee4a635329ad35bffbecd918c3fa8c03	docs/delivery/a43-fixes/hosted-d80e4dc0/frontend/r4-ux.xml.gz
100644 blob 71c9b357e2931e4bf4ee65e4e81460089bb01bd4	docs/delivery/a43-fixes/hosted-d80e4dc0/interop-pull_request-coverage.json
100644 blob f994b685d5ea598514ae7deddcf9c478ea6aa712	docs/delivery/a43-fixes/hosted-d80e4dc0/interop-push-coverage.json
100644 blob 8f4e6cc3d151cdd990867b596a6662cd981532fc	docs/delivery/a43-fixes/supplemental/REFERENCE_SUPPLEMENTAL.json
100644 blob a9f55c1ae25a7387c4487544f88bee58526bfe31	docs/delivery/a43-fixes/supplemental/RICH_SUPPLEMENTAL.json
100644 blob b6cd19d3049e966a9ff11cddb1d402283378b8d6	docs/delivery/a43-fixes/supplemental/baseline-file-qualified-final.xml.gz
100644 blob 9d8e9ed1b0ea23bdada76f0551715e7d2a0d2982	docs/delivery/a43-fixes/supplemental/context-consumer-file.xml.gz
100644 blob 7ab2db36f5a04ee945c0feef47bb7fdea3a84c83	docs/delivery/a43-fixes/supplemental/context-typed-file.xml.gz
100644 blob ef5371a48774054df5d62eff5e925452c36f9dbc	docs/delivery/a43-fixes/supplemental/detached-generation-acceptance/detached-accept-neighbors-v2.xml.gz
100644 blob 4fa55ee128466667ffaef5c9c19f5d6b1a62148f	docs/delivery/a43-fixes/supplemental/detached-generation-acceptance/detached-accept-red.xml.gz
100644 blob 2985849e015c4779c3fc8316c5182970b8c4d4c0	docs/delivery/a43-fixes/supplemental/detached-generation-acceptance/receipt.json
100644 blob 243536d0c47068e0ff61170869ea746a69cca7ee	docs/delivery/a43-fixes/supplemental/docx-measurement/ast-and-node-preservation-proof.json
100644 blob b5be0f7bbf83abe7c361cdb3e2ffd95bcc5ebde9	docs/delivery/a43-fixes/supplemental/docx-measurement/audited-baseline-verification.json
100644 blob 45f07fa05c03bec7ab430e8f9b1e4443b5a128a9	docs/delivery/a43-fixes/supplemental/docx-measurement/final-rich-same-test-baseline-red.xml.gz
100644 blob ebc6c6bd858bbc805873671d1e103484b1878bca	docs/delivery/a43-fixes/supplemental/docx-measurement/final-rich-same-test-fixed-green.xml.gz
100644 blob 87b12747851e4e70e6eff8e0cc6d07d9599626f1	docs/delivery/a43-fixes/supplemental/docx-measurement/frozen-format-reproduction.json
100644 blob 91036b98389c9e4cd54e2c551f759391ec8dad61	docs/delivery/a43-fixes/supplemental/docx-measurement/measurement-focused-green.xml.gz
100644 blob f71d81dc6804c7963ffba171c719c225be8bb23e	docs/delivery/a43-fixes/supplemental/docx-measurement/measurement-red.xml.gz
100644 blob 51197bdf53b079dc007fe6516ecb0fa33bb6fda8	docs/delivery/a43-fixes/supplemental/docx-measurement/receipt.json
100644 blob fd3d2d4469c23d504e9b35fcb5dd8e05c79cdef7	docs/delivery/a43-fixes/supplemental/drive-prefix-identity/d80-red.xml.gz
100644 blob c57228119b94658ecca421cd50821e4a3ce92007	docs/delivery/a43-fixes/supplemental/drive-prefix-identity/guard-green.xml.gz
100644 blob 2910a7f9107a6ea1d80176657f055a7348c31209	docs/delivery/a43-fixes/supplemental/drive-prefix-identity/receipt.json
100644 blob 1b6f0986055229d49d32417a04d65139fb0d0c7f	docs/delivery/a43-fixes/supplemental/fixed-file-qualified-final.xml.gz
100644 blob 41c4942a04aa9317743f20c7b5dee8e230ef798d	docs/delivery/a43-fixes/supplemental/frontend-targeted-green.xml.gz
100644 blob 0eea5107f3181ea18c823bb24c4bf279401d1fe1	docs/delivery/a43-fixes/supplemental/full-file-local/corrected-7ad139d7/backend.xml.gz
100644 blob 66dc63ae196cbcc2af9d5831a20dab0f83d6dfb4	docs/delivery/a43-fixes/supplemental/full-file-local/corrected-7ad139d7/receipt.json
100644 blob b8ee9d7727d6e928475e2076537c964d99d2920f	docs/delivery/a43-fixes/supplemental/full-file-local/corrected-7ad139d7/sync-tcp.xml.gz
100644 blob a45ec4f245725f5ef76af2eb34600f78a63f1897	docs/delivery/a43-fixes/supplemental/full-file-local/corrected-e686c25a/backend.xml.gz
100644 blob f071941d6a53d0aa4f61169152776fb08b04b0e9	docs/delivery/a43-fixes/supplemental/full-file-local/corrected-e686c25a/receipt.json
100644 blob cb5bdcd1db01d8e84fd8e27a32ffda7b8bf71f85	docs/delivery/a43-fixes/supplemental/full-file-local/corrected-e686c25a/sync-tcp.xml.gz
100644 blob 72cc95b9b76ae0af28b7e098a102027b097049ef	docs/delivery/a43-fixes/supplemental/full-file-local/first-integration-a4f9dbee/backend.xml.gz
100644 blob 3c47e620e31fefee4bff2753fdbd3957ba1ba14a	docs/delivery/a43-fixes/supplemental/full-file-local/first-integration-a4f9dbee/receipt.json
100644 blob 455883208588cedd6d1fa4820c630477e736f4c8	docs/delivery/a43-fixes/supplemental/full-file-local/first-integration-a4f9dbee/sync-tcp.xml.gz
100644 blob 7b210e805d3530e056d9abdffcfb284801485b80	docs/delivery/a43-fixes/supplemental/legacy-contract-final-neighbors-v2.xml.gz
100644 blob bf0a28d6b4f907a00387b9300061f985a501e868	docs/delivery/a43-fixes/supplemental/legacy-contract-impact-baseline-corrected.xml.gz
100644 blob d44ed51bf518de0b3a4edc29e61fcc02022fffe8	docs/delivery/a43-fixes/supplemental/rich-final-baseline-red.xml.gz
100644 blob a84ffb3a80966c0c4c0e74fbe05916cf46d9ac06	docs/delivery/a43-fixes/supplemental/rich-final-file.xml.gz
100644 blob 0c73c6da4b991e6f964c311a106c4d738987e346	docs/delivery/a43-fixes/supplemental/rich-heading-duplication/current-reproduction.json
100644 blob 4260c0a1358e88037e4616f23eee852e452075a1	docs/delivery/a43-fixes/supplemental/rich-heading-duplication/heading-focused-green.xml.gz
100644 blob 4e6dc811274dd2381a114c1e6f78ec806a470799	docs/delivery/a43-fixes/supplemental/rich-heading-duplication/heading-initial-red.xml.gz
100644 blob a99d5ed588ad0d8aa2a0e8dab046c168a2745e8b	docs/delivery/a43-fixes/supplemental/rich-heading-duplication/heading-red.xml.gz
100644 blob 020ddd4afc8c42ca2beab5656ac2501770b1e0e1	docs/delivery/a43-fixes/supplemental/rich-heading-duplication/receipt.json
100644 blob 777eb98761753cc88720c3290723ab8b6ce524d6	docs/delivery/a43-fixes/supplemental/rich-media-compatibility/media-coordinate-probe.json
100644 blob 32613ac4641f59d092da4f718c5a5fd6b61ef572	docs/delivery/a43-fixes/supplemental/rich-media-compatibility/media-fixed-focused.xml.gz
100644 blob ecc9a2c2e6400d40d8b5a9f2d62835a13c00b17c	docs/delivery/a43-fixes/supplemental/rich-media-compatibility/media-red.xml.gz
100644 blob d92680707a89140ffe15a236b586183cad260a66	docs/delivery/a43-fixes/supplemental/rich-media-compatibility/original-failing-nodeids.txt
100644 blob 04cf865adab1c44fa9b69aaa89aacce17612761c	docs/delivery/a43-fixes/supplemental/rich-media-compatibility/receipt.json
100644 blob 5c49d6e60056fce7840dc0a31d93038a72b0bfc8	docs/delivery/a43-fixes/supplemental/targeted-final-green.xml.gz
100644 blob e8a117a4476d57d69a945f634cb083b4873eb659	docs/delivery/dot-astra-rc-r2/BASELINE_RECEIPT.md
100644 blob bd6d2bef55051a1ff876320ba51cb2742358027d	docs/delivery/dot-astra-rc-r2/CHECKPOINT.json
100644 blob 4494203ca1895dabcd9c05985f2bd77f7af9dfb2	docs/delivery/dot-astra-rc-r2/COMMIT_LIST.tsv
100644 blob 3be74dd9f8fb03e9d6b6d7a0b3c63720394e65db	docs/delivery/dot-astra-rc-r2/FEATURE_READINESS_MATRIX.json
100644 blob c4308fc0ff1fd8241f452776b03dadaf56fa30c2	docs/delivery/dot-astra-rc-r2/FEATURE_READINESS_MATRIX.md
100644 blob f4a37f43d2137647802e91b3523d53215081a93a	docs/delivery/dot-astra-rc-r2/FINAL_REPORT.md
100644 blob 8f35ba682abdeb6286ad90029b213bd660d43ca5	docs/delivery/dot-astra-rc-r2/INDEPENDENT_REVIEW.md
100644 blob 8358d21b4f1751814cebbefe82869e8fdc403b4b	docs/delivery/dot-astra-rc-r2/INDEPENDENT_REVIEW_FINAL_INCREMENT.md
100644 blob fca2f699643cf8b817099119086208e0e627ee2d	docs/delivery/dot-astra-rc-r2/INDEPENDENT_REVIEW_INCREMENTAL.md
100644 blob 1642b7e37bfd6676e3d7c0de322357f4b2c3edf5	docs/delivery/dot-astra-rc-r2/KNOWN_LIMITATIONS.md
100644 blob 7f0e2a357498d0a54bf9ab93d64b4df71dc62784	docs/delivery/dot-astra-rc-r2/MIGRATION_AND_RECOVERY.md
100644 blob b6609082a4dacf3c3d351206d252a8a09d579c20	docs/delivery/dot-astra-rc-r2/RELEASE_READINESS.md
100644 blob 206b685e45f5875e23d23c0eeeda12a9ac75a3c5	docs/delivery/dot-astra-rc-r2/SOURCE_TREE_EQUIVALENCE.json
100644 blob 7e0f71deed64331207f1557c741f4ab6ed8b3583	docs/delivery/dot-astra-rc-r2/TEST_RESULTS.md
100644 blob ee4ccfb706c60a1b3fdadc30f8eb6d55c35206d9	docs/delivery/dot-astra-rc-r2/acceptance-scope-work.md
100644 blob 9461212c61d76bc8cd91dd0c6f891b27a0dbc7b6	docs/delivery/dot-astra-rc-r2/assets-tests.xml
100644 blob 2fadaccb8e0729891b2b32f11b8895497a79ce8c	docs/delivery/dot-astra-rc-r2/assets-work.md
100644 blob 389d334993c043138d5c085a015f12bd249baea6	docs/delivery/dot-astra-rc-r2/browser-ci-repair.md
100644 blob d55e2dca95285b3f10a6dba345ea3447e41d6551	docs/delivery/dot-astra-rc-r2/creation-work.md
100644 blob 1129f7e682ad15129eabc4af9c8314ec7c5a26c7	docs/delivery/dot-astra-rc-r2/evidence/acceptance-backend-isolation.txt
100644 blob 89924d6ce536c6d88b9ecda027ff9e9c361a22ca	docs/delivery/dot-astra-rc-r2/evidence/acceptance-backend-isolation.xml
100644 blob 8814949ad89d6ad3664afa281c19a6c5e30e2fee	docs/delivery/dot-astra-rc-r2/evidence/acceptance-independent.txt
100644 blob 1ff3d104b2f7c2dd8b91ca41350757da495417d9	docs/delivery/dot-astra-rc-r2/evidence/acceptance-independent.xml
100644 blob fa62788494f5fa743df9bf0a603e3f1f20762eb4	docs/delivery/dot-astra-rc-r2/evidence/acceptance-integrity.txt
100644 blob 0cf8fcd33c4cbc230ce3f62022230b9689a043d4	docs/delivery/dot-astra-rc-r2/evidence/acceptance-integrity.xml
100644 blob 784532cdece7b9c4cd4d8c8bba046bda1dbddaa5	docs/delivery/dot-astra-rc-r2/evidence/acceptance-pg-process-dispatch-local.txt
100644 blob f7d6041efe3514bec4c5946e72c52a5788a1ddff	docs/delivery/dot-astra-rc-r2/evidence/acceptance-pg-process-dispatch-local.xml
100644 blob cddb0c8f315fba790357e95b59167f82c6a105a4	docs/delivery/dot-astra-rc-r2/evidence/agent-timer-cleanup.txt
100644 blob 9696b7e076be05e16e3ab5d6d7643852792b286a	docs/delivery/dot-astra-rc-r2/evidence/bbb55d1-full-file.txt
100644 blob 286b8090245d98db9f8d87f3b51132c4b21f6def	docs/delivery/dot-astra-rc-r2/evidence/bbb55d1-full-ui.txt
100644 blob 6904dbc5d256827d7b739cddece3ae482cd1e6f2	docs/delivery/dot-astra-rc-r2/evidence/bbb55d1-local-receipt.json
100644 blob 62d18280cf0e09892f6bebf0b2f4f935550e7f9e	docs/delivery/dot-astra-rc-r2/evidence/ci-55a-pg-controls.json
100644 blob f66b0de714d472f6b1b71e0441469ffa6e72865f	docs/delivery/dot-astra-rc-r2/evidence/ci-90f4369.json
100644 blob 5cdf2579d29fe33d524f65190d6c9f5ef503b597	docs/delivery/dot-astra-rc-r2/evidence/ci-93d-application-provenance.json
100644 blob b8cfc348a7ed1f59390890a1c78f03fdfe070d3c	docs/delivery/dot-astra-rc-r2/evidence/ci-93d-host-provenance.json
100644 blob c25c75e3f6d14bde5c7efa9519e0aaae79618887	docs/delivery/dot-astra-rc-r2/evidence/ci-93d-native-smoke.json
100644 blob 582a3349a4b838f2c717693260d7c20274a067aa	docs/delivery/dot-astra-rc-r2/evidence/ci-93d-provenance-check.json
100644 blob d6e014973ad0a3f3ad90b5e62980b7fe243f020d	docs/delivery/dot-astra-rc-r2/evidence/ci-93d.json
100644 blob 389a2d4e5098a11bb98edeaadd6168fd1382606d	docs/delivery/dot-astra-rc-r2/evidence/ci-98b-application-provenance.json
100644 blob 718c87a54784d1d0a4c700f1877aa15fc187f7e3	docs/delivery/dot-astra-rc-r2/evidence/ci-98b-host-provenance.json
100644 blob ad9c7ab6acbff6f6d7ba2420450166d53e1c9e50	docs/delivery/dot-astra-rc-r2/evidence/ci-98b-native-smoke.json
100644 blob 4cb0e68f6480298fac0055dd2dc7e2be4ffded11	docs/delivery/dot-astra-rc-r2/evidence/ci-98b-pg-controls.json
100644 blob 8a1b5f863402a891abbbc6fa493f92142c0c9fc0	docs/delivery/dot-astra-rc-r2/evidence/ci-98b.json
100644 blob 16ca320fb85027874d0a42c45a84968edd7f0b0d	docs/delivery/dot-astra-rc-r2/evidence/dispatch-repair.txt
100644 blob 22f7f07b4ca2e6152802e9856565e22a96d8922b	docs/delivery/dot-astra-rc-r2/evidence/dispatch-repair.xml
100644 blob a8cab1912f4bf2ba056577d103acc73c4082f342	docs/delivery/dot-astra-rc-r2/evidence/export-backend.txt
100644 blob 57fa70078edfc8e865db92bced04db612413f550	docs/delivery/dot-astra-rc-r2/evidence/export-browser-bundled-blocked.txt
100644 blob c25134fb41a21f10d2da4faea7371fdea5f8b0e3	docs/delivery/dot-astra-rc-r2/evidence/export-browser-system-blocked.txt
100644 blob 0a297b44262aa952119ea6ad1a0a1813df0064f9	docs/delivery/dot-astra-rc-r2/evidence/export-frontend.txt
100644 blob 07d52bd93a13c91a9ecc4443ad3f7f3e698021fc	docs/delivery/dot-astra-rc-r2/evidence/font-manifest.json
100644 blob 83a7d851d2af94c4393ee4de04d070477c01f202	docs/delivery/dot-astra-rc-r2/evidence/fountain-after.json
100644 blob 9a28eb889138c1291f7be3a71c55f42dff960902	docs/delivery/dot-astra-rc-r2/evidence/fountain-before.json
100644 blob 7b935e6a5c1d973abd6ca3eea5a81931ced2ef61	docs/delivery/dot-astra-rc-r2/evidence/independent-before/AUDIT_REPORT.md
100644 blob 4bdaab40f50df34ec6705aa988f7b0be886b65e6	docs/delivery/dot-astra-rc-r2/evidence/independent-before/adversarial-final.log
100644 blob f19c4acc799e9df252edd924ac8cd70ee14b0fe3	docs/delivery/dot-astra-rc-r2/evidence/independent-before/workflow-ui-scope.log
100644 blob d8ac5d69bf54362d6a853564dd7e573abcfcd353	docs/delivery/dot-astra-rc-r2/evidence/integration-prepublish.txt
100644 blob 5ac91c7592cf6f405e7eb7a231201d6f278bfbc8	docs/delivery/dot-astra-rc-r2/evidence/local-ai-backend.txt
100644 blob b4cade0a57ad84aaaef2bf243e7af680c85c7172	docs/delivery/dot-astra-rc-r2/evidence/local-ai-backend.xml
100644 blob fdd4d95618d93b1bb407244e9152510c75f5af19	docs/delivery/dot-astra-rc-r2/evidence/local-ai-final-guards.txt
100644 blob dfb1f346b33ca2a1989c70b0514b7e1976b6a73e	docs/delivery/dot-astra-rc-r2/evidence/local-ai-final-guards.xml
100644 blob 36bb6e5b19c64b375341d954dd35716d21a4b8a8	docs/delivery/dot-astra-rc-r2/evidence/local-ai-frontend.txt
100644 blob 978b19f485564497eaef646fae23ebf4cc08dbe0	docs/delivery/dot-astra-rc-r2/evidence/local-ai-preserved-fifty.txt
100644 blob 2a7086cb32be67f77064171572ea355cf55157c9	docs/delivery/dot-astra-rc-r2/evidence/local-ai-preserved-fifty.xml
100644 blob 2ed2683e28145433bfbcf2ce5dace1468796fe90	docs/delivery/dot-astra-rc-r2/evidence/local-ai-provider-hardware.txt
100644 blob 1dabe67515f05b9ea5dcade20218b860acb96e46	docs/delivery/dot-astra-rc-r2/evidence/local-ai-provider-hardware.xml
100644 blob df117ecd0e76892b03f4bec8f8f8e7e04e8b2c19	docs/delivery/dot-astra-rc-r2/evidence/local-ai-review-fixes.txt
100644 blob 0ee6b5c43560074f0160b44988cdddb442a81e2f	docs/delivery/dot-astra-rc-r2/evidence/local-ai-review-fixes.xml
100644 blob 44c5cb1e75a2e92fdd9d8cfe1f28d04df9255874	docs/delivery/dot-astra-rc-r2/evidence/manual-cloud-consent-frontend.txt
100644 blob 2da4adf94cf45b4af2967f49f09a751ce61e93e3	docs/delivery/dot-astra-rc-r2/evidence/media-focused.txt
100644 blob 966c5172acbc1bff54b3c090a1b295be1d8494bd	docs/delivery/dot-astra-rc-r2/evidence/media-focused.xml
100644 blob c6613b6ded69a4d8c6a13c3117f2c41688ff99aa	docs/delivery/dot-astra-rc-r2/evidence/media-ui-focused.txt
100644 blob 0b11eabfbf159acc761c66704dd33d1989b0ccb8	docs/delivery/dot-astra-rc-r2/evidence/pdf-fonts.txt
100644 blob 5eede9d5f232b586a7ae2aa79538c5ec8abb833f	docs/delivery/dot-astra-rc-r2/evidence/planning-review.txt
100644 blob 51c5779a8a3e656ab888d2d398689df8f6e0b55c	docs/delivery/dot-astra-rc-r2/evidence/planning-review.xml
100644 blob 6182473440c98c33f1072a3e70b44c2d564d5f0d	docs/delivery/dot-astra-rc-r2/evidence/readiness-focused.txt
100644 blob 852b7fb51073209a39682388baa4791c227db4c9	docs/delivery/dot-astra-rc-r2/evidence/readiness-focused.xml
100644 blob edc69d350be838cede3cf4aaffba5d0dd215a044	docs/delivery/dot-astra-rc-r2/evidence/readiness-inventory-validation.json
100644 blob ec7f94ac4c0dd7dc733b2620e46e6ccaa6ac408f	docs/delivery/dot-astra-rc-r2/evidence/readiness-planning-focused.txt
100644 blob cc0a83cf18c3a693f6fd9c62a6917b5446c36776	docs/delivery/dot-astra-rc-r2/evidence/readiness-planning-focused.xml
100644 blob c6d7c567a5f23983d4d4507b56ad30c24015f523	docs/delivery/dot-astra-rc-r2/evidence/receipt-normalization.json
100644 blob 0eed9c6f343353c849c6c8fffecfe56c7ea76648	docs/delivery/dot-astra-rc-r2/evidence/revision-history-strictmode-typecheck.txt
100644 blob 915f282500ebc9fcb9b0cbbde3429cbc255a7fb2	docs/delivery/dot-astra-rc-r2/evidence/revision-history-strictmode.txt
100644 blob 6989266c1a89fe08208335c94f8958cedc3d611d	docs/delivery/dot-astra-rc-r2/evidence/revision-history-strictmode.xml
100644 blob bafd51fe2b97a8fd02cf6556308648b8c672c6d7	docs/delivery/dot-astra-rc-r2/evidence/revision-history-token-lint.txt
100644 blob c0f05055fc0ed2a9717d2f65be2c2a355b280132	docs/delivery/dot-astra-rc-r2/evidence/revision-history-typecheck.txt
100644 blob 044c6677af1812b55dd7d4d429f01ec366ca7f37	docs/delivery/dot-astra-rc-r2/evidence/revision-history.txt
100644 blob ba6de9e9298326876f4901ce6f8109ad6881ae7e	docs/delivery/dot-astra-rc-r2/evidence/revision-history.xml
100644 blob e2ed7e988f807ce89c9305f646baf398a9fdf83a	docs/delivery/dot-astra-rc-r2/evidence/screenplay-required-cas.txt
100644 blob 976a8c623a02cb138de0828fac0ccdfdfe2031d4	docs/delivery/dot-astra-rc-r2/evidence/screenshots/export-recovery-1366x768.png
100644 blob 6e8e3b50820d785488725d1b639170c8147037f5	docs/delivery/dot-astra-rc-r2/evidence/screenshots/export-recovery-1440x900.png
100644 blob 1da7e38fac5dd1e6ee9f052bbff639aea4b63f24	docs/delivery/dot-astra-rc-r2/evidence/screenshots/export-recovery-1920x1080.png
100644 blob c5dda6901d6bd85f1ece8ba19591bb347b75bb22	docs/delivery/dot-astra-rc-r2/evidence/screenshots/local-ai-1366.png
100644 blob 377f1fbb89096cc1754b7904865f72dbfebe208d	docs/delivery/dot-astra-rc-r2/evidence/screenshots/local-ai-1440.png
100644 blob dc4950f616b2f1a06e0349c5d4ff475c8c2e16ad	docs/delivery/dot-astra-rc-r2/evidence/screenshots/local-ai-1920.png
100644 blob 48b1930ca53d9f4c23441f4630029c19a132cd23	docs/delivery/dot-astra-rc-r2/evidence/screenshots/manifest.json
100644 blob 215e834374457cafe1b0db6b29b9f30a5f140436	docs/delivery/dot-astra-rc-r2/evidence/synthetic-scale.json
100644 blob c4856f959c7e87905bfe84e7d983cf718e5abfe2	docs/delivery/dot-astra-rc-r2/evidence/workflow-scope-token-lint.txt
100644 blob c8e14f90917598748d0d3dcb00178d304e949e7b	docs/delivery/dot-astra-rc-r2/evidence/workflow-scope-typecheck.txt
100644 blob 21f9070ec2f79a9b16d0b75a49df7d30745968c8	docs/delivery/dot-astra-rc-r2/evidence/workflow-scope.txt
100644 blob a67ecedf6dbb68ecdb62fc9b32fc354e05d2c92c	docs/delivery/dot-astra-rc-r2/evidence/workflow-scope.xml
100644 blob aec757b2eefb19cfccb1803748569e4e4b25a768	docs/delivery/dot-astra-rc-r2/evidence/writing-goal-layout.txt
100644 blob 364f5717a7603c06c79f1c1588e068cb569012a8	docs/delivery/dot-astra-rc-r2/evidence/writing-goal-layout.xml
100644 blob e061bf08a554d831087b3f84f7fad40b69710e5d	docs/delivery/dot-astra-rc-r2/evidence/writing-goal-token-lint.txt
100644 blob 5569acfa190bb601f7be3b3284efbe181d695f30	docs/delivery/dot-astra-rc-r2/evidence/writing-goal-typecheck.txt
100644 blob dec51eb4d73f24f0469473558de6fc8702c80342	docs/delivery/dot-astra-rc-r2/export-work.md
100644 blob f2dc15009b2c61523038fb043e5e909e15b25303	docs/delivery/dot-astra-rc-r2/import-apply-checkpoints.md
100644 blob 28be194a6d4aa3142ad1740270030008ea8cbcbe	docs/delivery/dot-astra-rc-r2/local-ai-safety-review.md
100644 blob 3904359043bc1db96069891d429681588b352904	docs/delivery/dot-astra-rc-r2/local-ai-work.md
100644 blob 5f03534da52b4d4580d592ad8d1de3aa8f5f0739	docs/delivery/dot-astra-rc-r2/media-work.md
100644 blob 3e52f161dcfc3a3bc8fd6280a292b5ef780b4f23	docs/delivery/dot-astra-rc-r2/planning-work.md
100644 blob 8f9a28685b976fe42838d9843b38d15862e7561c	docs/delivery/dot-astra-rc-r2/privacy-before.txt
100644 blob 5eceeca50317056225e71045cbae92d77f81e6e8	docs/delivery/dot-astra-rc-r2/privacy-comparison-migration-note.md
100644 blob 5e26e3fbe430baea8cd0241a58d73aa878f4f60b	docs/delivery/dot-astra-rc-r2/privacy-recovery-focused.txt
100644 blob e9a13bb3ff77c32c994ba3dfa24cb06c36a040c5	docs/delivery/dot-astra-rc-r2/privacy-recovery-work.md
100644 blob 2ffc1c3a16456230546f05ee411ae399ca20a0bd	docs/delivery/dot-astra-rc-r2/revision-history-work.md
100644 blob f4c97ac6bedee8f12910582e1b7baa9976b25c1a	docs/delivery/dot-astra-rc-r2/runtime-work.md
100644 blob ef903fcf090d2a40162ab62a1cd4f7b167fc5194	docs/delivery/dot-astra-rc-r2/writing-goal-layout-work.md
100644 blob 1ab925855c4347ffb124d02f69cbf66248a2e2f9	docs/delivery/functional-surface-freeze/ADAPTATION_FIXTURE_EXCEPTION.json
100644 blob dae3fa93ec37d37b11de70dcf382d49f2b7c568a	docs/delivery/functional-surface-freeze/ADAPTATION_FIXTURE_EXCEPTION.patch
100644 blob 985b5094145e0fde36eb82ab7993fdd5a4fd07f4	docs/delivery/functional-surface-freeze/ADAPTATION_LIFECYCLE.md
100644 blob 74f59c95667d7f740680dbf82276094305056685	docs/delivery/functional-surface-freeze/ADAPTATION_LIFECYCLE_VERIFICATION.json
100644 blob 12e68ec83759269b353f8856a0f429280a3f6b49	docs/delivery/functional-surface-freeze/BRANCH_MANUSCRIPT_AUTHORITY.md
100644 blob c4c85afcbd33cd9429304ed7cf39f1b42f264056	docs/delivery/functional-surface-freeze/BRANCH_MANUSCRIPT_VERIFICATION.json
100644 blob fd6f0f42dcb2ae5390d062c5a4fd23ec52b13013	docs/delivery/functional-surface-freeze/BROWSER_INTEGRATION_CORRECTIONS.md
100644 blob af9acea63f11c080a5ccd4ca6e8b4e1e2420f90d	docs/delivery/functional-surface-freeze/CLOSURE_INVENTORY_REVIEW.json
100644 blob 6086247c049776973ab910b49ff8bcffd6c5cb41	docs/delivery/functional-surface-freeze/COMPLETE_INVENTORY_REVIEW.json
100644 blob 2b8f49d5268ecba22ab9975c1bc74c05a57f97cc	docs/delivery/functional-surface-freeze/CORRECTED_INVENTORY_REVIEW.json
100644 blob cb08b68b74ffb660b7be568e15b6e33893a1b28a	docs/delivery/functional-surface-freeze/FINDINGS_AND_CANON.md
100644 blob a40e6c9585e4d7a7dad27bc121d9fe5853636fa5	docs/delivery/functional-surface-freeze/FINDINGS_AND_CANON_VERIFICATION.json
100644 blob 770cfd2d91ce41a5e5e5c4b41fc4f0048a5becd9	docs/delivery/functional-surface-freeze/FLAG_DISCOVERY_COMPATIBILITY.md
100644 blob 0501184873508e43251caeaecc325dd096789056	docs/delivery/functional-surface-freeze/FLAG_INVENTORY_REVIEW.json
100644 blob 095447988bacf4d8b6af56e497246c563774f6d3	docs/delivery/functional-surface-freeze/INTERACTION_INVENTORY_REVIEW.json
100644 blob 5eb389df0ddb3c847b0d368a8fc6ae3b95f7cbfd	docs/delivery/functional-surface-freeze/INTEROP_FIXTURE_EXCEPTION.json
100644 blob a4c422b3633931a10fc99c8914347a73b963365a	docs/delivery/functional-surface-freeze/INTEROP_FIXTURE_EXCEPTION.patch
100644 blob 512a311ebab241c0b3c6c963dcfb518d3f9370db	docs/delivery/functional-surface-freeze/MEDIA_ENGINE_SURFACES.md
100644 blob 1d2049ceb02e0d5b82ea2c54ac133692dc25e8dc	docs/delivery/functional-surface-freeze/MEDIA_ENGINE_VERIFICATION.json
100644 blob b249c81cb5634378e37d1b6e950bce9ed8571db6	docs/delivery/functional-surface-freeze/REALTIME_AND_SYNC.md
100644 blob f7402cdddadca942756b7076763a7a76e248fb11	docs/delivery/functional-surface-freeze/REGRESSION_CORRECTION.md
100644 blob 52d673d7fcf06e57139d1dd104f4c5beac44cdfd	docs/delivery/functional-surface-freeze/REQUIREMENTS_REGISTER.json
100644 blob 600e9b54f200af256c1b1db418455f9d561a4218	docs/delivery/functional-surface-freeze/SEARCH_VISUAL_RESEARCH.md
100644 blob 579e6739bc8d59d07b50c875547491c5926fdd99	docs/delivery/functional-surface-freeze/SOURCE_PRESERVATION.json
100644 blob f05e37335d75849cd3802ab65aff5037b9bb80ee	docs/delivery/functional-surface-freeze/STORY_RECORD_VERSIONING.md
100644 blob ec691d6966338605ce9abb8df8c1ba8968d5f101	docs/delivery/functional-surface-freeze/SURFACE_MAP_VALIDATION.json
100644 blob c099235198326f9705a6f3426a67e56e64970241	docs/delivery/post-interop-continuation/API_CATALOG.json
100644 blob f6abfe36223aa51322b3a5489012cec826864bf5	docs/delivery/post-interop-continuation/API_CATALOG.md
100644 blob 15316c49845bf6509a669f8a3142743c6a06c04c	docs/delivery/post-interop-continuation/ASYNC_FIXTURE_STABILIZATION.json
100644 blob 06be66538b3ea18c94feb77036b703e7633c0ebf	docs/delivery/post-interop-continuation/BROWSER_CORRECTION_RECEIPT.json
100644 blob 86b7366bfd315071d0d059a973d6d12898a102d7	docs/delivery/post-interop-continuation/COMPATIBILITY_AND_ROLLBACK.md
100644 blob 1ec776be52ddea7c090aa3fe901428d7e5e62756	docs/delivery/post-interop-continuation/FROZEN_PR_READBACK.json
100644 blob 3ad7a20f63e13c6d59e996fb2f994c6c8fd9b54f	docs/delivery/post-interop-continuation/STYLE_RESTART_FIXTURE_CORRECTION.json
100644 blob 3e931bcee90e03fa3342fe46487e97b6157ee659	docs/delivery/post-interop-continuation/TASK_REGISTER.json
100644 blob 25faa880b22485a74bf1c3ea0e01d75c5efec570	docs/delivery/post-interop-continuation/WAVE_1_REFINEMENT.json
100644 blob d40e62af872543e464005d8e2195589e7139cd0e	docs/delivery/post-interop-continuation/WAVE_1_REFINEMENT.md
100644 blob 271f8ebf67265185a62ef988abc7f4cdf81d6a9a	docs/delivery/post-interop-continuation/WAVE_1_SEARCH_REFINEMENT.json
100644 blob d515774e0e803d7902594e98af4d3cbd6b6de90b	docs/delivery/post-interop-continuation/WAVE_1_SEARCH_REFINEMENT.md
100644 blob b0077b1b859e2213c75d24780d4947d2084d4151	docs/delivery/post-interop-continuation/WAVE_1_STAGED_VERIFICATION.json
100644 blob d3d4feee319fd2c5ab80040b0284d40d1dbfe820	docs/delivery/post-interop-continuation/WAVE_1_TASK_REOPEN.json
100644 blob 7aee6c169aace556a78b8ab88d4dac5e1ba1bca5	docs/delivery/post-interop-continuation/WAVE_1_TASK_REOPEN.md
100644 blob 4e17ef4390a487d21d31bf77420ea77911f42bde	docs/delivery/post-interop-continuation/WAVE_1_UX.json
100644 blob 471b0aa33cd89a0cad7f1e72bdcb2db852b8ec6a	docs/delivery/post-interop-continuation/WAVE_1_UX.md
100644 blob 12789b48cae11185f7d2ff3807ad5bc2fdb773e3	docs/delivery/post-interop-continuation/WAVE_2_CREATION.json
100644 blob b35afd579e7469ee6d6a8c2a316b6baeff7dc936	docs/delivery/post-interop-continuation/WAVE_2_CREATION.md
100644 blob 0034215477942af57297eca8e1fba551fa4266d3	docs/delivery/post-interop-continuation/WAVE_2_STAGED_VERIFICATION.json
100644 blob 697086719304af617819ef4300b21ebcbc38b7d2	docs/delivery/post-interop-continuation/WAVE_3_MODELS_RESEARCH.json
100644 blob a8ab3896c6dea6aa65238288e4e8041fce2b7b8b	docs/delivery/post-interop-continuation/WAVE_3_MODELS_RESEARCH.md
100644 blob ba5368a491804f8829ce9167285e46f1cd59eb54	docs/delivery/post-interop-continuation/WAVE_3_STAGED_VERIFICATION.json
100644 blob 32222ecf3fde4a8853dcedf93f61e534f9db4416	docs/delivery/post-interop-continuation/WAVE_4_MEDIA.md
100644 blob a8640ef3d3b8cc97bce092dd0516c9988349862f	docs/delivery/post-interop-continuation/WAVE_4_MEDIA_DELTA.json
100644 blob 1a5ac1177e7d9cc46d5f2051d0b75e2d3613f9b1	docs/delivery/post-interop-continuation/WAVE_4_STAGED_VERIFICATION.json
100644 blob ead31d063e46931c1ce683a65d4985bb2e5798e8	docs/delivery/post-interop-continuation/WAVE_5_EXTENDED.json
100644 blob 7359567c677090cb9a20c302045a343f7d9c8eaa	docs/delivery/post-interop-continuation/WAVE_5_EXTENDED.md
100644 blob 75d195eada60de83b7f4b07f1f6667a5c61725dd	docs/delivery/post-interop-continuation/WAVE_5_STAGED_VERIFICATION.json
100644 blob 82b3ed88902a2f53b4fe6b8ea4a3295c53656aa5	docs/delivery/post-interop-continuation/WAVE_5_TEMPLATES_SDK_COMICS.json
100644 blob a9ac7634cee5b121925e75a0beb6c1071db42562	docs/delivery/post-interop-continuation/WAVE_5_TEMPLATES_SDK_COMICS.md
100644 blob 7b927d1dbf503e0e272ebd17dc987b1c513853ae	docs/delivery/post-v1-r3/API_CATALOG.md
100644 blob 4106fcf4e977c69a4a6a89d7642950ae42fba3b9	docs/delivery/post-v1-r3/CI_RESULTS.json
100644 blob 70670cff9a321889ba87171d534f836ba53c03b0	docs/delivery/post-v1-r3/KNOWN_INHERITED_DEFECTS.md
100644 blob b010fbd3696fdd33fef26feaad402babd3e416bc	docs/delivery/post-v1-r3/LOCAL_TEST_RECEIPT.json
100644 blob e44919f7cbe2b411b5f4bc6a5eaf3ae3dac177f8	docs/delivery/post-v1-r3/LONG_BOOK_MEASUREMENT.json
100644 blob d658d517871718ff5201128aab7cc1736ac2b10b	docs/delivery/post-v1-r3/POSTGRES_CASES.json
100644 blob ab67109166ef832addb3daa2ff8616fe82d7522c	docs/delivery/post-v1-r3/REVIEW_RESOLUTIONS.md
100644 blob 65570cd5013cbbc1a0f9d477e235ce46a21788d5	docs/delivery/post-v1-r3/VERIFICATION_BOUNDARIES.md
100644 blob 08c5550e85597b4258c9ebcdfaac79dcf7324a8f	docs/delivery/post-v1-r3/screenshots/audiobook-reviewed-attribution.png
100644 blob 5ca867f78ff10279a488e7c60f87e3cd5f455952	docs/delivery/post-v1-r3/screenshots/experimental-1366x768.png
100644 blob e9764a80ffa28fb8c77a5a1c3be221e6a5aa247e	docs/delivery/post-v1-r3/screenshots/experimental-1440x900.png
100644 blob fe0e3aa71d9ae53d6772f0b10a6613d6afd4ef18	docs/delivery/post-v1-r3/screenshots/experimental-1920x1080.png
100644 blob 7c0620d06efceb7e182909d71b6d84ff5640203b	docs/delivery/post-v1-r3/screenshots/manifest.json
100644 blob a58d93b5d99b31fefe1331f072b6a943871dfec7	docs/delivery/post-v1-r3/screenshots/media-mock-comparison.png
100644 blob 6eec51660206d333180f6f4a3ec1d0e418692b60	docs/delivery/post-v1-r3/screenshots/planning-compare.png
100644 blob 1a92d2bed0d5a2940f6087377ff5eacd8866345e	docs/delivery/post-v1-r3/screenshots/planning-history.png
100644 blob 09df70fdcb104d964b3756b34f85ea0ae2d53bfa	docs/delivery/post-v1-r3/screenshots/unified-inbox-reviewed.png
100644 blob 394032a42fd57469e58c466db88f7b9da6b67c29	docs/delivery/post-v1-r4-r5-ux/A01_STORY_SIMULATOR.md
100644 blob 1da6ed901c645a9d8d03bce3bc559e9e64d8ab6d	docs/delivery/post-v1-r4-r5-ux/A04-A05-TEMPORAL-KNOWLEDGE.md
100644 blob 706e233ca9153069ae61fe9c8fcecba5afd0acfc	docs/delivery/post-v1-r4-r5-ux/A08_DIRECTOR.md
100644 blob ac09e12c18ba9d13e3f1844200b406eefa7fd1f0	docs/delivery/post-v1-r4-r5-ux/A10_RESEARCH_LIBRARY.md
100644 blob 642bc38e981cd6c5345c4a1e495dd96492f37426	docs/delivery/post-v1-r4-r5-ux/A11_U05_REVISION_INTELLIGENCE.md
100644 blob a8e80e1b664f1fe6e5280355b8258f61b4519d88	docs/delivery/post-v1-r4-r5-ux/A12_OTIO_EXCHANGE.md
100644 blob 1fecf2bd1d141ef689557593da038f8350e1004a	docs/delivery/post-v1-r4-r5-ux/ACCEPTANCE_RESULTS.md
100644 blob 03884683e757bf0e0f556e66fe70445dac6a9ba6	docs/delivery/post-v1-r4-r5-ux/ADAPTER_REFINEMENT_RECEIPT.json
100644 blob ad7562b624dcf2f419f2ea69fa7796470103e696	docs/delivery/post-v1-r4-r5-ux/ALL40_RUNTIME_CHECKPOINT.md
100644 blob e10121c8d82865020e514fce0d752e1b93f5e770	docs/delivery/post-v1-r4-r5-ux/ASSET_PROJECTION_BACKPORT_CANDIDATE.md
100644 blob c8fc9f318811a6f55905772dc393db1e8a1d12ef	docs/delivery/post-v1-r4-r5-ux/AUDIT_AND_RECOVERY.md
100644 blob 3c853bb430dbcbcb3518a67574b3ab95957cefff	docs/delivery/post-v1-r4-r5-ux/B01_B02_LOCAL_DECLARATIVE.md
100644 blob 9238c72295853aa156106a1948ee5eeefff60370	docs/delivery/post-v1-r4-r5-ux/B02_BOUND_MODEL_RECEIPT.md
100644 blob 2840dbd82692eeeea0addccb8f4c99e2fcfd0956	docs/delivery/post-v1-r4-r5-ux/B03_B04_VOICE_SUBTITLES.md
100644 blob c18dc24dbd6a0d701cbe94e822fc6b09c5b10f23	docs/delivery/post-v1-r4-r5-ux/B05_MULTILINGUAL_EDITIONS.md
100644 blob 639b93897c556cee88a00c6f4c2e1c9755bdea6f	docs/delivery/post-v1-r4-r5-ux/B06_COMIC_LAYOUTS.md
100644 blob 60cf50f5f67fddaaea4edc7b5e1d83fea2c83ac0	docs/delivery/post-v1-r4-r5-ux/B07_INTERACTIVE_STORY.md
100644 blob f17ce54a1e11f80e8b97dbf3fecb978032eb0fb6	docs/delivery/post-v1-r4-r5-ux/B08_WRITER_ROOM.md
100644 blob b4933051ca8386ff53cc1ed61f2fd43ccae254a9	docs/delivery/post-v1-r4-r5-ux/B09_PROJECT_FORKS.md
100644 blob 24f4396cd9bdd2330c15d39f1291e451e98d5d7b	docs/delivery/post-v1-r4-r5-ux/B10_OFFLINE_SYNC.md
100644 blob b65605be556f63ad84f7648f7ee6654362cb47d2	docs/delivery/post-v1-r4-r5-ux/BACKPORT_CANDIDATES.md
100644 blob e54a52b3c08270358b0c03b585216d9280fcf524	docs/delivery/post-v1-r4-r5-ux/BASELINE_RECEIPT.md
100644 blob 6eb1e5f09564d49f0384c748d84813aa0e55dcac	docs/delivery/post-v1-r4-r5-ux/BROKER_CANCEL_DISPATCH_REPAIR.md
100644 blob 995712a5d8ad23d499654838091934fa888e76ce	docs/delivery/post-v1-r4-r5-ux/COMMIT_INDEX.md
100644 blob 113c2b6a6d6655caf4e0f1606fafb264b77adf0d	docs/delivery/post-v1-r4-r5-ux/COMPATIBILITY_AND_DATA.md
100644 blob ab682ee6f4e3b2752c17bd491ed50f5ee0959627	docs/delivery/post-v1-r4-r5-ux/EDITOR_CHROME_REPAIR.md
100644 blob 05f5903656c1c5d007d1da0a756a808d637c908b	docs/delivery/post-v1-r4-r5-ux/ENABLED_TOOL_DISCOVERY.md
100644 blob 8fca4f330436e50152f2aea1c472b157d76dabe8	docs/delivery/post-v1-r4-r5-ux/EXECUTION_CHECKPOINT.md
100644 blob 5864f9f2a486990a6899913cb24619da867936e5	docs/delivery/post-v1-r4-r5-ux/FEATURE_MATRIX.json
100644 blob 97929ad17bcedbf4b72e64dcb05f28dd051d4fae	docs/delivery/post-v1-r4-r5-ux/FEATURE_MATRIX.md
100644 blob f9a90efd59ae73d503739a5a5a25685e2499d35b	docs/delivery/post-v1-r4-r5-ux/FINAL_DELIVERY.md
100644 blob 3fc3663b7977c62576ea5281dd074cb31a411843	docs/delivery/post-v1-r4-r5-ux/FINAL_UX_CI_CORRECTIONS.md
100644 blob 1236c1bf58654644400bedb59a37d4b95aa3126e	docs/delivery/post-v1-r4-r5-ux/GENERATION_ORIGIN_REPAIRS.md
100644 blob 57304a52847719a9952f776949b998f718b92459	docs/delivery/post-v1-r4-r5-ux/KNOWN_LIMITATIONS.md
100644 blob 12d47fff87ed6037bee135b4062d3aa78cadf1c5	docs/delivery/post-v1-r4-r5-ux/LOCAL_AI_AND_CONTEXT.md
100644 blob 99e25365b961d5b0611d0263ab57583909fa6b58	docs/delivery/post-v1-r4-r5-ux/NEXT_UX_PRIORITIES.md
100644 blob 06a1e953add3dbc46990975838c6567d92afbb17	docs/delivery/post-v1-r4-r5-ux/PRIVACY_AND_THREAT_NOTES.md
100644 blob 44f11555a68c23f01111928eb4e406bd38642132	docs/delivery/post-v1-r4-r5-ux/PROJECT_AUTHORITY_BACKPORT_CANDIDATE.md
100644 blob a0636e7b0f81728c1a11db643a39ded77c96a7f9	docs/delivery/post-v1-r4-r5-ux/REGISTERED_LOCAL_MEDIA.md
100644 blob 635b184a7a5a11f2fa063bdee77245ad02d95c9a	docs/delivery/post-v1-r4-r5-ux/REGISTERED_MEDIA_DISPATCH_BACKPORT.md
100644 blob 0712672534c1b88d2181402fa7d947c96ad505b2	docs/delivery/post-v1-r4-r5-ux/REQUEST_RECEIPT_FORWARDING_FIX.md
100644 blob 22a68e99583a443382181436ca3443a1b89d5548	docs/delivery/post-v1-r4-r5-ux/SCOPE_RECONCILIATION.md
100644 blob 6333011b0bbe39c1e6a0454e784cae9296f2fdd0	docs/delivery/post-v1-r4-r5-ux/SECOND_SLICE_REVIEW_STATUS.md
100644 blob 4548219f5dcbe2739f158d665c069105bdd64f65	docs/delivery/post-v1-r4-r5-ux/U01_WORKSPACE_RESUME.md
100644 blob cfbd12b3386c3ecdd7fa2964dc9bf4247de56b2d	docs/delivery/post-v1-r4-r5-ux/U04_WRITING_FOCUS.md
100644 blob af603b665d5bfc52bb46f862092972c03cf1b39e	docs/delivery/post-v1-r4-r5-ux/U06_SELECTIVE_CHANGE_REFRESH.md
100644 blob 79e90ff0362a5e69fad9f24a17eaa9936481ad0f	docs/delivery/post-v1-r4-r5-ux/U08_REQUEST_SCOPE_AND_VARIANTS.md
100644 blob c8145442468e84b9019a9cd47b7aa0bdedd58dfe	docs/delivery/post-v1-r4-r5-ux/U10_ISOLATED_FIRST_USE.md
100644 blob 7f529ee907cc692a82f43826d3f8586ed9d4c708	docs/delivery/post-v1-r4-r5-ux/U11_U15_READER_SESSIONS.md
100644 blob dfd55880ae814ee7574781b93eeeee818896729a	docs/delivery/post-v1-r4-r5-ux/U13_BROWSER_MEASUREMENTS.md
100644 blob 994345f954d16ce645c87665b87a57a5701327c0	docs/delivery/post-v1-r4-r5-ux/U13_FILE_API_PERFORMANCE.md
100644 blob fba602c1faeea6aa82d165b0d57633ccd98a6ecb	docs/delivery/post-v1-r4-r5-ux/U14_U16_PORTABLE_BATCHES.md
100644 blob 468d6bd667657983ddc8a1228e808fe9276f2a7c	docs/delivery/post-v1-r4-r5-ux/U16_DOMAIN_ADMISSION.md
100644 blob 1e324da2888aae35021c30196f6da03b45037f33	docs/delivery/post-v1-r4-r5-ux/UX_JOURNEYS.md
100644 blob fe98723888e13655eaa74ab76998fef6763b0a81	docs/delivery/post-v1-r4-r5-ux/WAVE_2_3_CHECKPOINT.md
100644 blob 3bc97300aa52eeda27bf1c396dfb008a161e18b5	docs/delivery/post-v1-r4-r5-ux/WAVE_4_5_CHECKPOINT.md
100644 blob 052f8f2920ed0e807a2b07e59fbca6505bfd9193	docs/delivery/post-v1-r4-r5-ux/WAVE_4_5_CI_CORRECTIONS.md
100644 blob 1c9f43281b8f216c5461fe9ac729afbade7724e4	docs/delivery/post-v1-r4-r5-ux/evidence/browser-1d1b9756/OFL.txt
100644 blob a5642c3edfcdd668b67a57de14712674d9a33f35	docs/delivery/post-v1-r4-r5-ux/evidence/browser-1d1b9756/README.md
100644 blob 34b821b81f0271f13bb69583b2ea5452f1c4d568	docs/delivery/post-v1-r4-r5-ux/evidence/browser-1d1b9756/b06-rendered-test-segment-001.png
100644 blob 0bd747a72b971c729966dcf38abe7f82ba0666db	docs/delivery/post-v1-r4-r5-ux/evidence/browser-1d1b9756/b09-merge-review-1366.png
100644 blob 53611291a24fcfe63a21b2d70d02a142733c1a94	docs/delivery/post-v1-r4-r5-ux/evidence/browser-1d1b9756/b10-sync-review-1366.png
100644 blob 9b8aa1eb9f2b0f28f863e68acc58b64ef96f4753	docs/delivery/post-v1-r4-r5-ux/evidence/browser-1d1b9756/input-latency-100000.json
100644 blob 703208bd5014f2456214fbdae25e16a74e229379	docs/delivery/post-v1-r4-r5-ux/evidence/browser-1d1b9756/input-latency-1000000.json
100644 blob 47dd18e097138a415534811a1168347abc41bb1a	docs/delivery/post-v1-r4-r5-ux/evidence/browser-1d1b9756/input-latency-500000.json
100644 blob 963e8d036ff08cb35c3340480fea4e9d28684eeb	docs/delivery/post-v1-r4-r5-ux/evidence/browser-1d1b9756/manifest.json
100644 blob d813f1152ba1d22330e8710b343fec711ce37425	docs/delivery/post-v1-r4-r5-ux/evidence/browser-1d1b9756/postgres-receipt.json
100644 blob a86a0942004ed5309f11ca9ac75645c2f534b112	docs/delivery/post-v1-r4-r5-ux/evidence/browser-1d1b9756/search-latency-100000.json
100644 blob c353fd404fb2b28aa7dd0beb17f4bf375a8f3151	docs/delivery/post-v1-r4-r5-ux/evidence/browser-1d1b9756/search-latency-1000000.json
100644 blob 52780581173d1ef6513a3f7c42301f6895e12166	docs/delivery/post-v1-r4-r5-ux/evidence/browser-1d1b9756/search-latency-500000.json
100644 blob 656e141e6d57ffddb8124125639e2781c795a4f2	docs/delivery/post-v1-r4-r5-ux/evidence/browser-1d1b9756/u08-variant-diff.png
100644 blob 02205e4a376a5897a3a132f67a88e68f24cc6855	docs/delivery/post-v1-r4-r5-ux/evidence/browser-1d1b9756/u10-before-chrome-fix-1366.png
100644 blob 022d4aa6c0f644b8e8ed1ee3d2b0fc625a76b2ad	docs/delivery/post-v1-r4-r5-ux/evidence/browser-bf0ec2b0/README.md
100644 blob 570b21d6eb6b71167cfa111634ce9794d80c4071	docs/delivery/post-v1-r4-r5-ux/evidence/browser-bf0ec2b0/frontend-revision.txt
100644 blob 8ca622e14c51988a786b94d33e328e9498684a1a	docs/delivery/post-v1-r4-r5-ux/evidence/browser-bf0ec2b0/frontend-summary.json
100644 blob e1531375b272eb52f14ae1d75af95dc4f0a7f61a	docs/delivery/post-v1-r4-r5-ux/evidence/browser-bf0ec2b0/input-latency-100000.json
100644 blob 24d546617c01f09427bde81f89299986f1b0f836	docs/delivery/post-v1-r4-r5-ux/evidence/browser-bf0ec2b0/input-latency-1000000.json
100644 blob 42f9327f550be9a44ef53aecfe8245573ef0a6fa	docs/delivery/post-v1-r4-r5-ux/evidence/browser-bf0ec2b0/input-latency-500000.json
100644 blob 0f6bce29610ef085135c1bf0917c19398c06dc6d	docs/delivery/post-v1-r4-r5-ux/evidence/browser-bf0ec2b0/manifest.json
100644 blob fc2cffc2e3af5fb18a0218ec230a6f41d229f0ce	docs/delivery/post-v1-r4-r5-ux/evidence/browser-bf0ec2b0/postgres-receipt.json
100644 blob 9c9a5473a84252025f31af93829201dc6122f7c9	docs/delivery/post-v1-r4-r5-ux/evidence/browser-bf0ec2b0/search-latency-100000.json
100644 blob 3853f2373fd9cc3970f2d83751812754faf5b42a	docs/delivery/post-v1-r4-r5-ux/evidence/browser-bf0ec2b0/search-latency-1000000.json
100644 blob c021ffd7d88f68d112f6d0136b6eb47e250580e1	docs/delivery/post-v1-r4-r5-ux/evidence/browser-bf0ec2b0/search-latency-500000.json
100644 blob 46678165f7e1ad5d2672288ab16afdc36f036369	docs/delivery/post-v1-r4-r5-ux/evidence/browser-bf0ec2b0/u01-long-note-visible-editor-1366.png
100644 blob 7912ae41d6d398a351d8d179d36803e65fcba616	docs/delivery/post-v1-r4-r5-ux/evidence/browser-bf0ec2b0/u02-conflict-export-hit-targets-1280.png
100644 blob be86abcd03e09948764fb4da1c29426bd634c1a6	docs/delivery/post-v1-r4-r5-ux/evidence/browser-bf0ec2b0/u02-conflict-export-hit-targets-1440.png
100644 blob 8b6452f85674a1b056865ceb0ec66915e8ef9d08	docs/delivery/post-v1-r4-r5-ux/evidence/browser-bf0ec2b0/u10-guide-1366.png
100644 blob 46b2945792bc87bcc38a989847361ba6383443df	docs/delivery/post-v1-r4-r5-ux/evidence/browser-bf0ec2b0/u10-guide-1920.png
100644 blob 9147a96fc72b0411ff74b04f0e934399fd49bd91	docs/delivery/post-v1-r4-r5-ux/evidence/browser-u13-12745cbb/input-latency-100000.json
100644 blob 77634bf3ff7beabfbdff208581015f42bb81f41a	docs/delivery/post-v1-r4-r5-ux/evidence/browser-u13-12745cbb/input-latency-1000000.json
100644 blob f0be5ac4e22192cad4d1170f65b49147bf227b44	docs/delivery/post-v1-r4-r5-ux/evidence/browser-u13-12745cbb/input-latency-500000.json
100644 blob 89c88448882c3ef8212f55a3f1af2d8d5658fe4f	docs/delivery/post-v1-r4-r5-ux/evidence/browser-u13-12745cbb/manifest.json
100644 blob 0266bad1c58c87b46f5f477fd8942446cc133265	docs/delivery/post-v1-r4-r5-ux/evidence/browser-u13-12745cbb/search-latency-100000.json
100644 blob 2645f163ba487db7a7a71bc5427bbf8c3a7fd1db	docs/delivery/post-v1-r4-r5-ux/evidence/browser-u13-12745cbb/search-latency-1000000.json
100644 blob d06fa7c97f3d8c0f4e6eb063c85a3cc9d6751aa4	docs/delivery/post-v1-r4-r5-ux/evidence/browser-u13-12745cbb/search-latency-500000.json
100644 blob 47afa9fea9220b158d7725cee6749778e1558573	docs/delivery/post-v1-r4-r5-ux/evidence/refinement-4e476ce/POSTGRES_CASE_RECEIPT.json
100644 blob 61fdd8a677f0fa453b3bd1fcce6d19a92d1c1e46	docs/delivery/post-v1-r4-r5-ux/evidence/refinement-4e476ce/README.md
100644 blob c3722928ae04c08afb31061048c54d4bae124472	docs/delivery/post-v1-r4-r5-ux/evidence/refinement-4e476ce/VERIFICATION.json
100644 blob bf82d5de376da03651057a328c150357a0651e3f	docs/delivery/post-v1-r4-r5-ux/evidence/refinement-4e476ce/declarative-reviewed-original-model-draft.png
100644 blob c71325573ab368982ff6dc2ca05f20f6af409711	docs/delivery/post-v1-r4-r5-ux/evidence/refinement-4e476ce/judge-model-preview-1440.png
100644 blob 924a443d46ade7d0b3ca2bedd4bb9025c2067c33	docs/delivery/post-v1-r4-r5-ux/evidence/refinement-4e476ce/offline-sync-selection-1440.png
100644 blob 8b85287cc9df2cea223f83a3151647eb595fdfae	docs/delivery/post-v1-r4-r5-ux/evidence/refinement-4e476ce/pause-aware-audio-1366.png
100644 blob 1ef65c92cc45fb0bd9e9085042387a3967843a57	docs/delivery/post-v1-r4-r5-ux/evidence/refinement-4e476ce/registered-media-refresh-origin-replay.png
100644 blob 5ec6b3a6c6a10217f20285c59f5ad3a6dd354dab	docs/delivery/post-v1-r4-r5-ux/evidence/refinement-4e476ce/simulator-model-preview-1440.png
100644 blob 1b59c6dacffe42621f4ad90aa0876c03cedc4cd9	docs/delivery/post-v1-r4-r5-ux/evidence/refinement-4e476ce/structured-fork-review-1440.png
100644 blob c50e907e707a4d2aac1fb5884d69911235fa7d77	docs/delivery/post-v1-r4-r5-ux/evidence/refinement-4e476ce/translation-exact-preview-1440.png
100644 blob 842fae1872488e773b70b9647fd54d409686d3dc	docs/delivery/post-v1-r4-r5-ux/evidence/refinement-4e476ce/u03-search-1440.png
100644 blob 491b6cc7f293453101beba481fe76e10cce7bd59	docs/delivery/post-v1-r4-r5-ux/evidence/refinement-4e476ce/u08-source-item-exclusion.png
100644 blob 32f97f0adac1b7fa01e8ab07ef88f5bd48326de4	docs/delivery/post-v1-r4-r5-ux/evidence/u13-file-api-0a2a85f.json
100644 blob aa1ae1143e94cc86116bbb0bd2ecdca92f4353c9	docs/delivery/post-v1-r4-r5-ux/u14-portable-maintenance.md
100644 blob b25570d05c3b61d5c245befd6fc6c745a01bdf97	docs/delivery/shared-r123-repair/BACKPORT_CANDIDATES.md
100644 blob b904f2286e29cd6d162148acc1151e149d4fd1d9	docs/delivery/shared-r123-repair/BASELINE_RED_PYTHON3129.json
100644 blob 881576e1f0dda3b20022d18642fcfb5f0fbabbb8	docs/delivery/shared-r123-repair/FRONTEND_ASYNC_TEST_FIX.md
100644 blob ed7150ef3ef657862523f0eca9a09f5254522cd7	docs/delivery/shared-r123-repair/R1_ROUTE_INVENTORY.md
100644 blob 5a0892a5423bc07d31fe0c45c6e877b77c8d5c06	docs/delivery/shared-r123-repair/README.md
100644 blob 6750e2fa3d1fad7307385ec4d0d5c0ab02bae1e2	docs/delivery/shared-r123-repair/REPAIR_SUMMARY.md
100644 blob 198c06190b029d371ba3a95776a093076eaa98b1	docs/delivery/shared-r123-repair/afcfda1_full_file_failed_python31214.log
100644 blob 32cb901ebb79e4d8a56a5e9133e918cc895f0f90	docs/delivery/shared-r123-repair/ci-cap-94e74/README.md
100644 blob d99b03b2d8839685702d5e3e42022cd28435ac2d	docs/delivery/shared-r123-repair/ci-cap-94e74/RECEIPT.json
100644 blob 44f6268017035fb3338711b9cd3602308f9960fa	docs/delivery/shared-r123-repair/r1_supplemental_green_python31214.junit.xml
100644 blob cef9d47368aab8cfd0091779f6149f15a82b6452	docs/delivery/shared-r123-repair/r1_supplemental_green_python31214.txt
100644 blob 73377a9e379c0ea090341dfd03c590923836a954	docs/delivery/shared-r123-repair/r2-evidence/disconnect-regression-observation.json
100644 blob 47cafb0c4f531e4f602a0a2162ffb48ba212f7bf	docs/delivery/shared-r123-repair/r2-evidence/python31214-file.log
100644 blob 1fcec27776f8f54d5d54651a7ef8e7bf898ee41b	docs/delivery/shared-r123-repair/r2-evidence/python31214-file.xml
100644 blob 3dd8cde68003d3da6afd96320c1fa9eebdbfd665	docs/delivery/shared-r123-repair/r3_additional_red_python31214.txt
100644 blob a87a3632a8cb6443d50f912bb16f193817067d78	docs/delivery/shared-r123-repair/r3_green_source_sha256.txt
100644 blob ab9479b2cccf8790cbe9d61f2cacbdd73d66e42b	docs/delivery/shared-r123-repair/r3_repair_fault_red_python31214.txt
100644 blob a9c6aa545cc9cb5e4dc9b530b213ed89ead081d0	docs/delivery/shared-r123-repair/r3_supplemental_green_python31214.junit.xml
100644 blob 00689345d0934ad9f8a5b39ffc3a1e3cd8b4518b	docs/delivery/shared-r123-repair/r3_supplemental_green_python31214.txt
100644 blob 9a7fe19744520783260b683c3bc2c4ebe4929ee8	docs/delivery/shared-r123-repair/r3_terminal_protocol_results.md
100644 blob 2579104023b49c400affb0dbdc13c4487a3e77e1	docs/delivery/shared-r123-repair/repro_project_authority.stdout.txt
100644 blob d06a090af73cde8af6617a1ff7bbcc5c11549905	docs/delivery/shared-r123-repair/repro_reject_running.postfix.stderr.txt
100644 blob e69de29bb2d1d6434b8b29ae775ad8c2e48c5391	docs/delivery/shared-r123-repair/repro_reject_running.stdout.txt
100644 blob 3449b34aa517b8eb03cde6362e86ff73210a00d9	docs/delivery/shared-r123-repair/repro_stream_revocation.stdout.txt
100644 blob 0323d289af4a4175b149a204435cc45eb4c69f28	docs/delivery/shared-r123-repair/reproductions/repro_project_authority.py
100644 blob 586b47fba8a450ebd2e6a704e71b0e12e0b967a7	docs/delivery/shared-r123-repair/reproductions/repro_reject_running.py
100644 blob 4ad930126709aacb58cc72a5c8f79a73e8006c26	docs/delivery/shared-r123-repair/reproductions/repro_stream_revocation.py
100644 blob cf99a622db31b1ef69c41aa1f77495f38ee55c1f	docs/deployment_report.md
100644 blob b6fe4e969aa25b5abbce2e40883fb3c560de15b3	docs/deployment_v1.md
100644 blob 0fc8f803136c138705ce991b06d5883d78f1d842	docs/desktop_host_acceptance_checklist.md
100644 blob a7331c10ff4b76119d59acc9bf17b972a95e1063	docs/development.md
100644 blob cd2ba2ac0922b8cb709c6aca5eb32e4c2ef3891d	docs/docker_readiness_report.md
100644 blob e4e0181475da6bb1b702f8e719988836fe9e99c5	docs/environment_audit.md
100644 blob 043cf08ca135d574bef5773ae0bb9ad8c964aa92	docs/evidence/v0.5.9.1/01_appshell.png
100644 blob 043cf08ca135d574bef5773ae0bb9ad8c964aa92	docs/evidence/v0.5.9.1/02_workspace_alpha.png
100644 blob d6a0298f06d6bcf8aedb0d2664bf07faa3ce3db3	docs/evidence/v0.5.9.1/03_workspace_beta.png
100644 blob 93d0335363402dcebc1848fc54fd49122bd48cde	docs/evidence/v0.5.9.1/04_workspace_empty.png
100644 blob 0bbca94fc307d527ecf2eca2e9fd02067b25f8cd	docs/evidence/v0.5.9.1/05_workspace_switch.png
100644 blob f13acb5ddd6f49bc9bae4cd462e107401f3aae9a	docs/evidence/v0.5.9.1/06_team.png
100644 blob 37aca7ad2b798a3489f71019e89731c6a86fb99b	docs/evidence/v0.5.9.1/07_roles.png
100644 blob c23dbfcd4d30270aec98ea9ddae070bed9242e63	docs/evidence/v0.5.9.1/08_permissions.png
100644 blob 043cf08ca135d574bef5773ae0bb9ad8c964aa92	docs/evidence/v0.5.9.1/09_novel_workspace.png
100644 blob 043cf08ca135d574bef5773ae0bb9ad8c964aa92	docs/evidence/v0.5.9.1/10_chapter_editor.png
100644 blob 1b2599b4d7910ccc32b71b3d658b27f3ab92458a	docs/evidence/v0.5.9.1/11_dirty_guard.png
100644 blob 1b2599b4d7910ccc32b71b3d658b27f3ab92458a	docs/evidence/v0.5.9.1/12_conflict.png
100644 blob 48bd7012c4c109045623d1d5c50c63851f442904	docs/evidence/v0.5.9.1/13_revision.png
100644 blob a42b4fa8428ce15d8444da18c5cae9b06c0d1a26	docs/evidence/v0.5.9.1/14_restore.png
100644 blob 0f4d04a04b5d32d2f4fedd9d99e8a5334b8ddbfc	docs/evidence/v0.5.9.1/15_connection_page.png
100644 blob b3cdfd68a3712b554febcdd9e81cdb79a4cef6cf	docs/evidence/v0.6.1_appshell_audit.png
100644 blob 0f4d04a04b5d32d2f4fedd9d99e8a5334b8ddbfc	docs/evidence/v0.6.1_initial_audit.png
100644 blob cd7d8f200241322fd932c6c13b4c676c95bb37fc	docs/experimental/u03_incremental_search.md
100644 blob 0df01b3fc83d93ed12df51e74554acddb2264ec9	docs/experimental_model_broker.md
100644 blob 43139b89eb23eb2a25519662e95408f6cf46a104	docs/experimental_production_lineage.md
100644 blob fd32d72c6bc81b635bebb81f41aa6562e3fd959a	docs/experimental_style_judge.md
100644 blob ce38ae1b90743b25915a4c2364b7381964618183	docs/frontend_architecture.md
100644 blob 775f2f4c88f1c641df9a92160d6ef5051e608564	docs/frontend_ui_ux_refactor_audit.md
100644 blob 41c628e1ff4a611a09fd02065ce5b086b15437ee	docs/frontend_ui_ux_refactor_report.md
100644 blob b14d78b84bec57bcf81544f0e6a241394529bace	docs/grok_phase1_feature_handoff.md
100644 blob b59e7e26c82e6dc9732544642ac5bcad58ae0b48	docs/grok_safe_maintenance_audit_20260828.md
100644 blob fd920662da97f0f6fa598f226f3623e539186632	docs/handoff/opus_ui_handoff.md
100644 blob 52617b8ce4e0e6de8fb65178910672eb76ca9edc	docs/hardware_migration.md
100644 blob a44a80c868327f09a882df82c1dada71a3873069	docs/industry_resource_integrity.md
100644 blob 01ae78f1de3b51a449e6d77e4a9c04e3b713c6ea	docs/industry_screenplay_exports.md
100644 blob 305c0732cd887744b49f527f1d48966c7c23518c	docs/installation.md
100644 blob 16f6922cd3789acee469ae1d399522a28e24f089	docs/issue14_batch2a_clean_regression_report.md
100644 blob 7cbfb18277834c7b1ba85f25ad64dcb69e5a59f3	docs/issue14_batch2b1_generation_idempotency_report.md
100644 blob 84d407a2996bf4a15b933ae2d4efad151a9789b3	docs/issue14_batch2b2_visual_continuity_report.md
100644 blob 242fadbe13670d027901d820624137fc57e13fc0	docs/knowledge_design.md
100644 blob 30291fc22f59da358329835e980243a1fad63280	docs/model_center_phase1.md
100644 blob 96876f191517660ceedae8feada7f63bf982ddc3	docs/model_center_phase2a.md
100644 blob 45fa776579af8368a6fdc79eb51dffdd0e4dded9	docs/model_profiles.md
100644 blob dd8b10534a80e48810839cac25bb1670a7078996	docs/model_router.md
100644 blob 4b900c125c53bb8dcbab30b5f2d04c084aa7119f	docs/model_runtime.md
100644 blob 2165a55f842d942011cd455d649bf8c629adb427	docs/model_strategy.md
100644 blob 1e9cddd192c63da8dfa643106ea6f5f74e1558c9	docs/official_declarative_plugin_packs.md
100644 blob 7f3172eea5c8f08e223ad40d41b7fee455bd391b	docs/phase3_creation_acceptance.md
100644 blob bdbf3c711609cce5fe00f47cfbd3772c4f8e9b65	docs/phase4_story_database_acceptance.md
100644 blob ba63f19f7a64781328c9dd890f40a0c98598112c	docs/phase5_story_planning_acceptance.md
100644 blob 7484b103fd4a98f5e5b0d67fa540d5343fbbd231	docs/phase6_agent_authorization_migration.md
100644 blob 3b016bef3223019539e3ded35a2ad0de04b7b65f	docs/phase6_agent_foundation_acceptance.md
100644 blob 189b49012f2e015e33e877073903566684821213	docs/phase7_agent_audit_acceptance.md
100644 blob b0af81d98b6bcaea1d609c0bc6e7654fb604a993	docs/phase7_import_adaptation_acceptance.md
100644 blob 707c7500192fbc3170f286f0a35fa2a512e2c989	docs/phase8_asset_generation_runbook.md
100644 blob 1fe01be4f439be1588917c3c23cfff729842bce6	docs/plugin_runtime_foundation_phase1.md
100644 blob 8d8672ed474a34258fac09793dff23f79a9d47a6	docs/plugin_runtime_phase2a_test_worker.md
100644 blob 5f589e65cbc5b85f4fe4fc0d6393e515a380fc03	docs/plugin_sdk_v1.md
100644 blob 3eed276efb91c0bcaacbdd7b05619d6d1b6ce8c5	docs/plugin_security_model.md
100644 blob 896004173f385bff6e2c297bb76aeb51a70cb876	docs/plugin_trust_signing_foundation.md
100644 blob 90e30527e37783cd15aac5623217b2d18a77da04	docs/plugin_worker_runtime_design.md
100644 blob 956f3427ad10b9ff1eff67bb9af46eb13c0eace6	docs/postgres_backend_architecture.md
100644 blob b23ada42ece45b6041303556b2723b2f6075e0b6	docs/postgres_runtime_closure_report.md
100644 blob a60d0fecc30e06962ee26663784c710ba1968202	docs/postgres_setup_guide.md
100644 blob 419f9c94445905a6c9808165eb756c54824f99da	docs/postgres_validation_checklist.md
100644 blob 0b720d61820b6ca00774b90380396fa7a1485f82	docs/privacy_design.md
100644 blob 2567655c9a8f0ed897a4f256df75ebe9c097943b	docs/provider_runtime_stable_identity_foundation.md
100644 blob c955970155092f2ae0220ff7a1847b2c63e873aa	docs/provider_runtime_v2_foundation.md
100644 blob 1939d0bd10156b389a99db4fe3934eece5c8385c	docs/provider_runtime_v2_host_hardware_inventory.md
100644 blob 428dc2389d48f8d42a853e5d1e41573b55a3ef1f	docs/provider_runtime_v2_model_center_snapshot_bridge.md
100644 blob 6fc0166316892d1cb9c2b79f5218516383a08977	docs/provider_runtime_v2_routing_service.md
100644 blob 714a9e4e17102aeb1cbe6098270e18430eb192e9	docs/provider_runtime_v2_runtime_requirements_authority.md
100644 blob 4c434d53ea13f48ac8f344c8ca2534d2c537fbc0	docs/r4_registered_judge_execution.md
100644 blob 800fabafa2effb16c94328f970c50ec0f6f74a24	docs/r4_story_simulator_model_execution.md
100644 blob 2a2b184f2d89456d695065cbb985b4525f9aac61	docs/r5_multilingual_translation_execution.md
100644 blob 42181d5214acede71ebf0bcbb3a308b81bc4abaf	docs/repository_architecture.md
100644 blob afa3222ecddf7bf3a1e071d4f43421028565a103	docs/test_report.md
100644 blob 2cc0db77c38991210ca749d3fa099c4a6cdc31f9	docs/troubleshooting.md
100644 blob 1097ae5ead0c178cf39a69bbdfb0fb88ea11fc62	docs/ui/change_requests/r4_workspace_search.md
100644 blob 46abf5ee417cbff213ebc3d42edbd2ca0c6a89d1	docs/ui/design_system.md
100644 blob db5248c0b46869480ac9073b09c8d6e2ef84a2e9	docs/ui/design_system_change_request_desktop_craft.md
100644 blob e1c4266dfe3aeb9ec5db173e7a468b94f4595b93	docs/ui/design_system_changelog.md
100644 blob 9dfb8b2867728d22c146356af984ee5b90106340	docs/ui/protected_ui_surfaces.md
100644 blob 588ad4e4a8541eb06709426f6630a36436edd446	docs/ui/reference/image_workspace.png
100644 blob d3d6bd64d6fd1be32b318e2b8146122715e23df2	docs/ui/reference/novel_workspace.png
100644 blob a6b354fae91d9256d5836d876deb00c0220b748d	docs/ui/reference/video_workspace.png
100644 blob 0252a87a095b6ae325c94d9dd8e005e76c3aef6f	docs/ui/ui_debt_map.md
100644 blob e42dea7de714a73826f4b8bc8a7d385c23e5fcf9	docs/ui/ui_review_checklist.md
100644 blob 7bc347f392468f3b76a7ffb10e63df8e0ac5c18a	docs/ui/visual_baseline.md
100644 blob 9db625619f1a0fe396b686ca45bff5d21f2c3309	docs/v0.1_to_v0.3_gap_analysis.md
100644 blob 4b660c15b02ad30fd1a8d8e0d7b42c287b91d9c2	docs/v0.2_runtime.md
100644 blob abc7822f242647cc797a3fc1bc2066233a6c222c	docs/v0.2_v0.3_completion_report.md
100644 blob b37c057fc7bbbcc83ca76b333e1485fca6b6cbb7	docs/v0.3_frontend.md
100644 blob c3988fc7c277ac7d568d854d6344bb1c18abbed4	docs/v0.4.5_writer_experience_report.md
100644 blob 6d997cd640d3ed2eed783fe526be9152cf263d86	docs/v0.4.8.1_repository_abstraction_report.md
100644 blob af214d40c22c3100f10c36e2eafc44c3b3c70add	docs/v0.4.8.2_postgres_report.md
100644 blob be0871fb45ebde97366afec47444c974ecfafba3	docs/v0.4.8.3_environment_readiness_report.md
100644 blob 278ae2fc99355a7985c51a61faff172469382eb7	docs/v0.4.8.3_runtime_validation_report.md
100644 blob df7f2b21b70173390daf00c3cb2cc1b596b6db7a	docs/v0.4.8.4_browser_e2e_report.md
100644 blob 4088c497e88f238296c658ee2ab37043d4142677	docs/v0.4.8.4_phase1_serialization_report.md
100644 blob 19d017f5f00735fbebe0b18f3e0fc0b098fb798e	docs/v0.4.8.4_phase2_migration_sync_report.md
100644 blob a344b65785e362b1a63cc83b7fd4d4c571b55d9d	docs/v0.4.8.4_phase3_context_compare_report.md
100644 blob 8e2ef387367dfe3f8cfc6b937b089d5b1894a3c3	docs/v0.4.8.5_frontend_polish_report.md
100644 blob ddcc05ceabc2f494f0f67b42260498f533710018	docs/v0.4.8_validation_plan.md
100644 blob fee671ca5f32a18e40d01633089860dfafc2b821	docs/v0.4_stability_report.md
100644 blob 888d64e8af714ab9cab8bfacd73205309f27d633	docs/v0.5.1_phase1_lore_foundation_report.md
100644 blob 75ea54a40f7483179618fe1aa46ea0e4b616b8af	docs/v0.5.1_phase2_lore_persistence_report.md
100644 blob f9c2f6c8992f0a366c5fd6fc60ce77edadbd5618	docs/v0.5.1_phase3_memory_foundation_report.md
100644 blob 479d38ca5a1386a33e5763d70c8482e6b0dc0db9	docs/v0.5.1_phase4_memory_agent_report.md
100644 blob db4f1d78ac48c9b02bee0a1bfffdf8784e48e034	docs/v0.5.2_phase1_lore_context_report.md
100644 blob beaa9d9ff39d8cc4a2454a181654d57b5452fd2b	docs/v0.5.2_phase2_context_intelligence_report.md
100644 blob 66bb9da17f94bad23c407f5c63e948cd6fc53149	docs/v0.5.3_continuity_gap_analysis.md
100644 blob cc1c3ff13a32dc503610740a5f7df57dfb705dfc	docs/v0.5.3_phase1_typed_continuity_foundation_report.md
100644 blob fbcf54913c9bdcb38d718ad05b3eb0157eaacc3e	docs/v0.5.3_phase1b_persistence_rule_wiring_report.md
100644 blob 4cce9a20b48d98730ea42be6893b98a0b217b313	docs/v0.5.3_phase1c_postgres_parity_runtime_closure_report.md
100644 blob 0a0d3fa391bd4d6913e0c9da4b89e156842dba0c	docs/v0.5.3_phase1d_postgres_api_closure_report.md
100644 blob 41b01faff5fe7314d3b19c08aa73b3af9e9b1a6e	docs/v0.5.3_phase1f1_parity_isolation_closure_report.md
100644 blob 2a0c55d7ccee37116b15d72f06d91a0d1fa7d808	docs/v0.5.3_phase2a1_new_rule_parity_closure_report.md
100644 blob dc7a0b9b05cc799bdd28efbd8d59ac531c4eb276	docs/v0.5.3_phase2b2_semantic_lifecycle_parity_closure_report.md
100644 blob 45f7c174106a9c5dcf5f13d1fb28be57aca9ef6e	docs/v0.5.4_phase1_narrative_state_foundation_report.md
100644 blob f09001d839576f0a3d15b24729944e63458b9a43	docs/v0.5.4_phase2a_narrative_finding_api_closure_report.md
100644 blob 2f241a00e401ccc3bdfe71c509faf46f9f189cbf	docs/v0.5.4_phase2a_validation.json
100644 blob abe98afa83aca9ea528a5df20304a8e9aa6ad7a3	docs/v0.5.4_phase2b_structured_narrative_progress_foundation_report.md
100644 blob bd98cab87a5c3195e805df7159f1f9f8024f28b7	docs/v0.5.4_phase2c_deterministic_narrative_progress_rules_report.md
100644 blob e0d82ff48dee4da1bf9b5b3b67f242cb01c29555	docs/v0.5.4_phase3a_narrative_context_projection_foundation_report.md
100644 blob 3819472f70494488274c3fbf0385aa399c857dfc	docs/v0.5.4_phase3b_context_policy_precedence_foundation_report.md
100644 blob 14606855260c81dee38d7891bc6809722b8b9c85	docs/v0.5.5_phase1_narrative_change_proposal_foundation_report.md
100644 blob ca522d46bbfa115ff37ae08b1b26de7125214c9e	docs/v0.5.5_phase2_collaboration_scope_foundation_report.md
100644 blob 14a0a71dda80da6d51847318275c4ddbc5606d08	docs/v0.5.5_phase3_revision_optimistic_concurrency_foundation_report.md
100644 blob 5c35e59b2bfba0dabc8ecdf3dd3120394d7254bd	docs/v0.5.6_collaboration_runtime_foundation_report.md
100644 blob 746da7afae492214b8ca7ae41b8259693237bee0	docs/v0.5.7.1_ui_design_system_freeze_report.md
100644 blob 9ed2febb2e44b2f2f37f3223714b516ce5e6f76b	docs/v0.5.7_multi_user_collaboration_ux_report.md
100644 blob 279385bbe36569b740fd303bbd3f6dc49e459339	docs/v0.5.8_conflict_resolution_revision_ux_report.md
100644 blob 6f53d1a11a0f71da6f0f84b40241759bc008ac0c	docs/v0.5.9.1_autonomous_frontend_acceptance_report.md
100644 blob 9a91513aad0e076e13488a32ecce0ee125fc3fc7	docs/v0.5.9.1_frontend_acceptance_build_report.md
100644 blob 578017d3756b2ed9f0617061249d39a15e05756f	docs/v0.5.9.1_frontend_acceptance_guide.md
100644 blob a39ecc19dd8ae58c21090cf33cc8775cbe24dc53	docs/v0.5.9_workspace_team_management_collaboration_polish_report.md
100644 blob c2ad6f293d92c08404c281909e9754691f9b820e	docs/v0.6.0_novel_production_workflow_report.md
100644 blob 541796fb3036da06e9b44e909b72fdc61d1abf4f	docs/v0.6.1_novel_user_acceptance_fix_polish_report.md
100644 blob 010e5619d9a5162cb6f069f553f6021b0969b261	docs/v0.6_productization_progress.md
100644 blob fb5a11d7b02dedac7d35427dd98ef96031d63a0a	docs/v0.7.0_model_runtime_foundation_report.md
100644 blob b09e81bf7af5e6ebb12a7f702cdd1a0c1b585f73	docs/v0.7.0_packaged_postgres_migrations.md
100644 blob 957961fc50b4fd6804cf79f88a843907921cf55c	docs/v0.7.0_phase3a_visual_text_workflow_contract_report.md
100644 blob 029faa113f5d98e367259d4fc813f8f9717a8338	docs/v0.7.0_phase3b_generation_safety_lifecycle_report.md
100644 blob f80443c77e0dbf0f5e32ec52b496eafe1bc7f888	docs/v0.7.0_phase3c_text_runtime_diagnostics_report.md
100644 blob 195ff7c09b7835b7308805efebfeee776ad9de4f	docs/v0.7.0_phase4_selected_route_readiness_report.md
100644 blob 7b4381ad13420ec531017320d8a3a1b79b686c5e	docs/v0.7.0_real_provider_integration_report.md
100644 blob fcd216b1f61032e1bfc8b06170929f92fed838b6	docs/v0.7.0_real_provider_selection_report.md
100644 blob 343a95aaadb604eb205d196f42cb26e4e2587b48	docs/v0.7.0_windows_beta_packaging_phase3_local_session_bootstrap_report.md
100644 blob 7e331e026f09422da8506ff78b476d45ec897e4c	docs/v0.7.0_windows_beta_packaging_phase4_1_real_webview_report.md
100644 blob 37b7bb4d1e713943a9136418156781f03d65f6bc	docs/v0.7.0_windows_beta_packaging_phase4_2_frontend_acl_isolation_report.md
100644 blob 753aa864cd07e3d41eee05ada73dcf2525c47e7c	docs/v0.7.0_windows_beta_packaging_phase4_desktop_bridge_report.md
100644 blob 71ff67d47ff37c961f5452d21e9c5b0fdbe62ddd	docs/v1_acceptance_status.md
100644 blob a1c81d68177f193349930880fe21b9520e76b250	docs/v1_implementation_status.md
100644 blob a1903bc29cd6765000454707c38dfee6d6850d11	docs/v1_release_checklist.md
100644 blob 988c7f3396c30443849e83b9c4dd16bca836e966	docs/workflow_design.md
